epoch	step	loss	l1	ciou	train_iou	lr	mIoU	Acc@0.25	Acc@0.5	Acc@0.75	Acc@0.9	blind_mIoU	delta	sec
0	2878	2.6443	0.0956	1.0833	0.1199	1.0000	0.1575	0.2758	0.0458	0.0000	0.0000	0.1561	0.0014	505
1	5756	2.4648	0.0826	1.0259	0.1652	0.9999	0.1742	0.3122	0.0915	0.0070	0.0000	0.1727	0.0014	1008
2	8634	2.3607	0.0773	0.9872	0.1944	0.9998	0.1616	0.2899	0.0798	0.0047	0.0000	0.1580	0.0036	1511
3	11512	2.2941	0.0744	0.9611	0.2142	0.9996	0.1694	0.3040	0.0986	0.0082	0.0000	0.1668	0.0026	2015
4	14390	2.2349	0.0716	0.9384	0.2307	0.9994	0.1863	0.3122	0.1502	0.0246	0.0012	0.1862	0.0001	2518
5	17268	2.1866	0.0695	0.9195	0.2450	0.9991	0.1768	0.3181	0.1056	0.0117	0.0012	0.1740	0.0029	3023
6	20146	2.1483	0.0678	0.9046	0.2574	0.9987	0.1840	0.3134	0.1467	0.0129	0.0000	0.1821	0.0020	3528
7	23024	2.1070	0.0662	0.8881	0.2710	0.9983	0.1851	0.3275	0.1444	0.0106	0.0000	0.1847	0.0004	4033
8	25902	2.0701	0.0647	0.8734	0.2824	0.9979	0.1790	0.3251	0.1221	0.0094	0.0000	0.1818	-0.0028	4537
9	28780	2.0459	0.0641	0.8627	0.2914	0.9974	0.1976	0.3404	0.1561	0.0223	0.0000	0.1943	0.0033	5040
10	31658	2.0173	0.0628	0.8515	0.3003	0.9968	0.1942	0.3310	0.1514	0.0293	0.0012	0.1959	-0.0017	5546
11	34536	1.9999	0.0621	0.8446	0.3067	0.9962	0.1922	0.3380	0.1432	0.0305	0.0012	0.1918	0.0005	6053
12	37414	1.9775	0.0614	0.8353	0.3141	0.9955	0.1917	0.3169	0.1596	0.0211	0.0000	0.1927	-0.0010	6558
13	40292	1.9629	0.0608	0.8295	0.3186	0.9948	0.1905	0.3392	0.1502	0.0164	0.0000	0.1909	-0.0004	7066
14	43170	1.9374	0.0598	0.8192	0.3281	0.9940	0.1947	0.3451	0.1573	0.0258	0.0000	0.1964	-0.0016	7573
15	46048	1.9263	0.0598	0.8136	0.3328	0.9931	0.1937	0.3298	0.1526	0.0282	0.0000	0.1943	-0.0006	8081
16	48926	1.9112	0.0591	0.8079	0.3376	0.9922	0.2031	0.3439	0.1714	0.0376	0.0000	0.2007	0.0024	8588
17	51804	1.8947	0.0584	0.8012	0.3434	0.9913	0.1982	0.3286	0.1819	0.0364	0.0000	0.2002	-0.0020	9094
18	54682	1.8832	0.0580	0.7965	0.3480	0.9903	0.1954	0.3380	0.1596	0.0246	0.0000	0.1976	-0.0022	9599
19	57560	1.8709	0.0578	0.7909	0.3524	0.9893	0.1985	0.3333	0.1761	0.0387	0.0035	0.2001	-0.0016	10102
20	60438	1.8576	0.0573	0.7857	0.3572	0.9881	0.1977	0.3322	0.1631	0.0399	0.0012	0.2009	-0.0031	10606
21	63316	1.8473	0.0570	0.7810	0.3607	0.9870	0.1878	0.3192	0.1573	0.0399	0.0000	0.1885	-0.0007	11109
22	66194	1.8342	0.0566	0.7756	0.3656	0.9858	0.1860	0.3239	0.1467	0.0329	0.0035	0.1879	-0.0019	11613
23	69072	1.8299	0.0567	0.7733	0.3679	0.9845	0.1983	0.3357	0.1585	0.0376	0.0023	0.1945	0.0038	12117
24	71950	1.8232	0.0564	0.7707	0.3701	0.9832	0.2017	0.3357	0.1690	0.0329	0.0012	0.2006	0.0011	12622
25	74828	1.8101	0.0558	0.7656	0.3747	0.9818	0.1998	0.3392	0.1702	0.0317	0.0023	0.1993	0.0005	13128
26	77706	1.8064	0.0557	0.7639	0.3757	0.9804	0.1996	0.3509	0.1761	0.0282	0.0012	0.1961	0.0036	13633
27	80584	1.7942	0.0554	0.7586	0.3805	0.9789	0.1980	0.3310	0.1702	0.0282	0.0000	0.2008	-0.0028	14139
28	83462	1.7854	0.0552	0.7548	0.3831	0.9774	0.2013	0.3462	0.1678	0.0258	0.0000	0.2041	-0.0028	14644
29	86340	1.7770	0.0549	0.7513	0.3865	0.9758	0.2018	0.3404	0.1655	0.0434	0.0035	0.2053	-0.0035	15151
30	89218	1.7724	0.0546	0.7496	0.3878	0.9741	0.2025	0.3392	0.1854	0.0364	0.0023	0.2024	0.0001	15658
31	92096	1.7668	0.0545	0.7472	0.3903	0.9725	0.1973	0.3345	0.1725	0.0446	0.0000	0.2026	-0.0053	16161
32	94974	1.7630	0.0544	0.7455	0.3915	0.9707	0.2013	0.3509	0.1631	0.0411	0.0023	0.1988	0.0025	16666
33	97852	1.7463	0.0540	0.7381	0.3978	0.9689	0.2032	0.3474	0.1702	0.0329	0.0012	0.2047	-0.0015	17171
34	100730	1.7416	0.0537	0.7366	0.3993	0.9671	0.2035	0.3439	0.1831	0.0305	0.0000	0.1999	0.0036	17678
35	103608	1.7379	0.0535	0.7353	0.4006	0.9652	0.2113	0.3427	0.1937	0.0411	0.0000	0.2104	0.0009	18183
36	106486	1.7288	0.0533	0.7313	0.4036	0.9632	0.2043	0.3439	0.1819	0.0364	0.0012	0.2047	-0.0004	18688
37	109364	1.7283	0.0531	0.7314	0.4033	0.9612	0.2061	0.3415	0.1831	0.0423	0.0012	0.2016	0.0045	19193
38	112242	1.7198	0.0530	0.7274	0.4068	0.9592	0.2084	0.3451	0.1796	0.0423	0.0012	0.2119	-0.0036	19699
39	115120	1.7175	0.0529	0.7266	0.4077	0.9571	0.2065	0.3462	0.1772	0.0329	0.0012	0.2022	0.0043	20204
40	117998	1.7029	0.0524	0.7204	0.4126	0.9549	0.1992	0.3357	0.1749	0.0423	0.0012	0.2029	-0.0036	20709
41	120876	1.6957	0.0521	0.7175	0.4146	0.9527	0.1997	0.3474	0.1796	0.0270	0.0047	0.2013	-0.0016	21214
42	123754	1.6962	0.0519	0.7183	0.4143	0.9505	0.2070	0.3439	0.1913	0.0399	0.0023	0.2052	0.0017	21720
43	126632	1.6843	0.0518	0.7128	0.4188	0.9482	0.1975	0.3404	0.1749	0.0364	0.0012	0.1977	-0.0002	22226
44	129510	1.6758	0.0514	0.7093	0.4216	0.9459	0.2033	0.3310	0.1901	0.0434	0.0012	0.2019	0.0013	22729
45	132388	1.6710	0.0512	0.7076	0.4226	0.9435	0.2042	0.3380	0.1784	0.0399	0.0023	0.1996	0.0046	23234
46	135266	1.6674	0.0510	0.7062	0.4237	0.9410	0.2087	0.3427	0.1796	0.0481	0.0023	0.2076	0.0011	23738
47	138144	1.6670	0.0510	0.7059	0.4242	0.9385	0.2010	0.3462	0.1725	0.0317	0.0012	0.2009	0.0002	24243
48	141022	1.6633	0.0509	0.7043	0.4253	0.9360	0.2118	0.3498	0.1890	0.0423	0.0035	0.2055	0.0063	24750
49	143900	1.6523	0.0503	0.7004	0.4284	0.9334	0.2087	0.3498	0.1796	0.0516	0.0047	0.2083	0.0003	25257
50	146778	1.6546	0.0505	0.7011	0.4278	0.9308	0.2113	0.3486	0.1995	0.0505	0.0000	0.2026	0.0088	25764
51	149656	1.6435	0.0501	0.6965	0.4318	0.9281	0.1971	0.3392	0.1761	0.0340	0.0012	0.1913	0.0058	26271
52	152534	1.6449	0.0499	0.6978	0.4301	0.9253	0.2033	0.3451	0.1819	0.0411	0.0012	0.2002	0.0031	26777
53	155412	1.6374	0.0497	0.6945	0.4326	0.9226	0.2047	0.3404	0.1843	0.0469	0.0047	0.2010	0.0037	27283
54	158290	1.6302	0.0494	0.6915	0.4349	0.9197	0.1940	0.3415	0.1620	0.0364	0.0035	0.1982	-0.0042	27790
55	161168	1.6270	0.0492	0.6905	0.4358	0.9169	0.2041	0.3298	0.1890	0.0317	0.0012	0.2013	0.0027	28298
56	164046	1.6192	0.0489	0.6872	0.4388	0.9140	0.2044	0.3380	0.1831	0.0446	0.0023	0.2045	-0.0001	28804
57	166924	1.6138	0.0487	0.6852	0.4401	0.9110	0.2074	0.3415	0.1878	0.0458	0.0023	0.2050	0.0024	29311
58	169802	1.6165	0.0488	0.6864	0.4387	0.9080	0.2062	0.3415	0.1831	0.0423	0.0012	0.2038	0.0024	29816
59	172680	1.6104	0.0485	0.6839	0.4404	0.9049	0.2155	0.3533	0.1925	0.0552	0.0023	0.2097	0.0058	30323
60	175558	1.6043	0.0482	0.6815	0.4424	0.9018	0.1997	0.3322	0.1808	0.0364	0.0035	0.2033	-0.0036	30830
61	178436	1.6010	0.0481	0.6802	0.4432	0.8987	0.2052	0.3404	0.1761	0.0469	0.0023	0.2027	0.0025	31335
62	181314	1.5957	0.0479	0.6782	0.4448	0.8955	0.2039	0.3404	0.1854	0.0387	0.0012	0.2059	-0.0020	31841
63	184192	1.5928	0.0477	0.6771	0.4454	0.8923	0.2091	0.3427	0.1960	0.0446	0.0012	0.2106	-0.0015	32347
64	187070	1.5817	0.0474	0.6724	0.4496	0.8890	0.2013	0.3322	0.1749	0.0246	0.0000	0.2013	0.0000	32854
65	189948	1.5807	0.0472	0.6723	0.4491	0.8857	0.2012	0.3462	0.1737	0.0458	0.0012	0.1990	0.0021	33360
66	192826	1.5737	0.0470	0.6693	0.4515	0.8824	0.2009	0.3404	0.1819	0.0352	0.0000	0.2038	-0.0028	33866
67	195704	1.5582	0.0465	0.6629	0.4566	0.8790	0.2072	0.3380	0.1901	0.0423	0.0023	0.2097	-0.0025	34370
68	198582	1.5658	0.0467	0.6660	0.4540	0.8755	0.2068	0.3439	0.1819	0.0399	0.0000	0.2110	-0.0042	34875
69	201460	1.5581	0.0462	0.6636	0.4552	0.8720	0.2124	0.3580	0.1937	0.0364	0.0023	0.2074	0.0051	35380
70	204338	1.5490	0.0461	0.6594	0.4589	0.8685	0.2015	0.3404	0.1890	0.0411	0.0012	0.1996	0.0019	35886
71	207216	1.5477	0.0461	0.6587	0.4592	0.8650	0.2021	0.3509	0.1819	0.0282	0.0035	0.2049	-0.0027	36389
72	210094	1.5412	0.0457	0.6564	0.4610	0.8614	0.2061	0.3369	0.1854	0.0411	0.0023	0.2051	0.0011	36895
73	212972	1.5360	0.0453	0.6547	0.4619	0.8577	0.2102	0.3486	0.1866	0.0364	0.0012	0.2102	-0.0001	37400
74	215850	1.5239	0.0451	0.6492	0.4665	0.8540	0.2033	0.3275	0.1925	0.0493	0.0012	0.2037	-0.0004	37904
75	218728	1.5182	0.0445	0.6478	0.4672	0.8503	0.2107	0.3521	0.1913	0.0505	0.0035	0.2026	0.0081	38409
76	221606	1.5169	0.0445	0.6471	0.4682	0.8466	0.2107	0.3592	0.1866	0.0423	0.0023	0.2014	0.0092	38914
77	224484	1.5131	0.0444	0.6455	0.4693	0.8428	0.1999	0.3357	0.1808	0.0423	0.0012	0.2029	-0.0031	39420
78	227362	1.5005	0.0440	0.6403	0.4728	0.8389	0.2047	0.3333	0.1831	0.0469	0.0035	0.2013	0.0034	39925
79	230240	1.4935	0.0436	0.6377	0.4753	0.8351	0.2004	0.3427	0.1761	0.0270	0.0035	0.2009	-0.0004	40430
80	233118	1.4898	0.0435	0.6362	0.4757	0.8312	0.2060	0.3392	0.1901	0.0469	0.0059	0.2040	0.0020	40935
81	235996	1.4855	0.0434	0.6343	0.4774	0.8272	0.2089	0.3509	0.1878	0.0481	0.0023	0.2034	0.0055	41441
82	238874	1.4780	0.0432	0.6310	0.4801	0.8232	0.2041	0.3462	0.1925	0.0411	0.0012	0.2000	0.0041	41945
83	241752	1.4736	0.0428	0.6299	0.4805	0.8192	0.2106	0.3415	0.1995	0.0387	0.0023	0.2018	0.0087	42452
84	244630	1.4672	0.0426	0.6271	0.4830	0.8152	0.2042	0.3415	0.1808	0.0387	0.0000	0.1996	0.0046	42957
