epoch	step	loss	box	slot	tag	train_iou	train_mIoU	lr	mIoU	Acc@0.25	Acc@0.5	Acc@0.75	Acc@0.9	blind_mIoU	delta	perplex	n_keys	pos_rms	q_rate	k_rate	logit_sd	box_mass	box_mass_x	sec
0	1633	9.7246	2.3964	5.3846	0.8779	0.1672	0.3074	1.0000	0.2958	0.5289	0.1982	0.0202	0.0000	0.1051	0.1627	25.61	6000	0.50000	0.4713	0.4317	3.743	0.52760	50.7467	826
1	3266	7.5882	1.7276	4.7426	0.4903	0.3384	0.4218	0.9998	0.3799	0.6474	0.3763	0.0825	0.0026	0.1272	0.2243	20.74	6000	0.50000	0.4747	0.4096	3.720	0.60702	57.4020	1652
2	4899	7.0123	1.5429	4.5176	0.4617	0.3999	0.4586	0.9996	0.4041	0.6667	0.4272	0.1035	0.0044	0.1196	0.2579	19.96	6000	0.50000	0.4702	0.4247	3.624	0.62909	59.1094	2479
3	6532	6.6422	1.4261	4.3649	0.4499	0.4401	0.5149	0.9992	0.4215	0.6772	0.4719	0.1237	0.0079	0.1210	0.2772	21.67	6000	0.50000	0.4702	0.4174	3.682	0.63962	61.4103	3306
4	8165	6.3019	1.3228	4.2148	0.4355	0.4752	0.5421	0.9986	0.4427	0.7079	0.4991	0.1509	0.0096	0.1192	0.2962	17.99	6000	0.50000	0.4750	0.3963	3.360	0.65329	61.8843	4134
5	9798	6.0124	1.2317	4.0766	0.4286	0.5081	0.5566	0.9980	0.4265	0.6807	0.4658	0.1544	0.0123	0.1188	0.2858	16.49	6000	0.50000	0.4802	0.4144	3.724	0.64394	62.0974	4961
6	11431	5.7641	1.1693	3.9436	0.4150	0.5306	0.6048	0.9972	0.4683	0.7333	0.5377	0.1816	0.0114	0.1239	0.3176	14.67	6000	0.50000	0.4775	0.4170	3.685	0.67390	63.9448	5788
7	13064	5.5443	1.1100	3.8297	0.4069	0.5512	0.6139	0.9963	0.4571	0.7167	0.5298	0.1763	0.0114	0.1142	0.3225	16.38	6000	0.50000	0.4760	0.4211	3.724	0.66272	62.0199	6616
8	14697	5.3220	1.0482	3.7158	0.4032	0.5734	0.6104	0.9953	0.4358	0.6737	0.5000	0.1781	0.0140	0.1135	0.2891	15.29	6000	0.50000	0.4846	0.4122	3.861	0.64225	61.7570	7442
9	16330	5.1302	0.9995	3.5975	0.3955	0.5920	0.6558	0.9942	0.4626	0.7044	0.5325	0.2018	0.0193	0.1072	0.3270	13.75	6000	0.50000	0.4842	0.3994	3.552	0.66474	63.8823	8269
10	17963	4.9149	0.9359	3.4846	0.3933	0.6134	0.6365	0.9929	0.4555	0.7026	0.5246	0.1886	0.0132	0.1132	0.3159	11.99	6000	0.50000	0.4890	0.4031	3.717	0.66285	64.2340	9096
11	19596	4.7217	0.8924	3.3641	0.3887	0.6303	0.6848	0.9916	0.4583	0.6956	0.5351	0.2000	0.0193	0.1168	0.3120	13.21	6000	0.50000	0.4897	0.4200	3.908	0.65926	60.9895	9923
12	21229	4.5445	0.8496	3.2558	0.3838	0.6448	0.7024	0.9901	0.4742	0.7123	0.5579	0.2281	0.0132	0.1155	0.3298	13.45	6000	0.50000	0.4922	0.4137	3.745	0.67320	62.5450	10749
13	22862	4.3437	0.7997	3.1318	0.3747	0.6647	0.7300	0.9884	0.4770	0.7219	0.5684	0.2281	0.0149	0.1130	0.3378	14.57	6000	0.50000	0.5012	0.4072	3.722	0.67652	63.5639	11577
14	24495	4.1967	0.7603	3.0451	0.3731	0.6793	0.7075	0.9867	0.4597	0.7000	0.5333	0.2053	0.0167	0.1057	0.3188	13.87	6000	0.50000	0.5023	0.3980	3.918	0.66879	65.4479	12405
15	26128	4.0362	0.7223	2.9416	0.3694	0.6941	0.7471	0.9848	0.4844	0.7158	0.5868	0.2412	0.0193	0.1167	0.3447	12.71	6000	0.50000	0.4968	0.3989	3.756	0.67973	64.4574	13232
16	27761	3.8766	0.6886	2.8297	0.3636	0.7068	0.7576	0.9829	0.4763	0.7132	0.5719	0.2246	0.0149	0.1162	0.3324	13.36	6000	0.50000	0.5041	0.3920	3.779	0.68738	65.6960	14059
17	29394	3.7336	0.6635	2.7260	0.3593	0.7169	0.7717	0.9808	0.4737	0.7079	0.5614	0.2263	0.0149	0.1167	0.3261	11.02	6000	0.50000	0.5068	0.3931	3.930	0.68987	66.9537	14887
18	31027	3.5889	0.6312	2.6301	0.3558	0.7292	0.7880	0.9785	0.4897	0.7316	0.5877	0.2263	0.0228	0.1139	0.3473	9.93	6000	0.50000	0.5082	0.4013	3.952	0.69146	66.6104	15713
19	32660	3.4722	0.6031	2.5513	0.3519	0.7404	0.7912	0.9762	0.4757	0.7018	0.5632	0.2368	0.0149	0.1118	0.3378	11.20	6000	0.50000	0.5071	0.3814	3.734	0.67477	64.8392	16541
20	34293	3.3307	0.5659	2.4596	0.3553	0.7543	0.8059	0.9737	0.4895	0.7281	0.5868	0.2526	0.0167	0.1201	0.3431	8.85	6000	0.50000	0.5153	0.4000	4.168	0.69782	67.4467	17368
21	35926	3.2056	0.5468	2.3627	0.3527	0.7625	0.8089	0.9712	0.4823	0.7149	0.5737	0.2325	0.0184	0.1168	0.3503	11.38	6000	0.50000	0.5088	0.3928	3.900	0.67969	64.9972	18194
22	37559	3.0894	0.5204	2.2880	0.3475	0.7725	0.8068	0.9685	0.4680	0.7026	0.5544	0.2298	0.0202	0.1233	0.3183	11.55	6000	0.50000	0.5148	0.3808	4.054	0.66452	63.4923	19021
23	39192	2.9605	0.4994	2.1886	0.3443	0.7809	0.8373	0.9657	0.4803	0.7088	0.5877	0.2377	0.0158	0.1191	0.3376	11.39	6000	0.50000	0.5128	0.3956	3.928	0.68261	64.3180	19847
24	40825	2.8755	0.4789	2.1297	0.3451	0.7901	0.8328	0.9627	0.4789	0.7132	0.5763	0.2482	0.0175	0.1191	0.3381	10.02	6000	0.50000	0.5190	0.3973	3.997	0.67798	64.1014	20674
25	42458	2.7377	0.4539	2.0255	0.3393	0.7999	0.8364	0.9597	0.4679	0.7000	0.5561	0.2298	0.0167	0.1246	0.3174	9.20	6000	0.50000	0.5201	0.3686	4.030	0.65816	61.4479	21500
26	44091	2.6412	0.4386	1.9487	0.3420	0.8057	0.8148	0.9566	0.4451	0.6667	0.5412	0.2149	0.0158	0.1222	0.2995	9.39	6000	0.50000	0.5241	0.3766	4.068	0.62933	60.0145	22327
27	45724	2.5662	0.4278	1.8881	0.3373	0.8103	0.8575	0.9533	0.4825	0.7070	0.5851	0.2500	0.0114	0.1196	0.3328	8.19	6000	0.50000	0.5235	0.3872	4.074	0.68872	65.1336	23154
28	47357	2.4836	0.4152	1.8244	0.3380	0.8160	0.8643	0.9499	0.4678	0.6921	0.5658	0.2272	0.0149	0.1217	0.3118	9.10	6000	0.50000	0.5274	0.3828	4.109	0.67409	64.2899	23981
29	48990	2.3755	0.3992	1.7344	0.3358	0.8227	0.8570	0.9464	0.4610	0.6851	0.5649	0.2228	0.0140	0.1175	0.3184	9.21	6000	0.50000	0.5243	0.3682	3.886	0.65130	60.4003	24807
30	50623	2.3197	0.3853	1.6951	0.3358	0.8283	0.8777	0.9428	0.4879	0.7132	0.5939	0.2605	0.0149	0.1298	0.3257	7.92	6000	0.50000	0.5245	0.3840	4.115	0.69001	65.2532	25633
31	52256	2.2228	0.3698	1.6193	0.3329	0.8348	0.8781	0.9391	0.4721	0.7035	0.5746	0.2316	0.0184	0.1247	0.3197	9.40	6000	0.50000	0.5252	0.3710	4.040	0.66289	62.4939	26460
32	53889	2.1491	0.3590	1.5628	0.3315	0.8388	0.8833	0.9353	0.4772	0.7149	0.5693	0.2395	0.0123	0.1166	0.3371	8.99	6000	0.50000	0.5269	0.3798	4.103	0.67460	63.6636	27287
33	55522	2.0440	0.3426	1.4783	0.3310	0.8459	0.8855	0.9314	0.4839	0.7000	0.5833	0.2588	0.0132	0.1260	0.3312	9.95	6000	0.50000	0.5270	0.3759	4.178	0.67174	63.6798	28113
34	57155	1.9698	0.3348	1.4108	0.3308	0.8501	0.8958	0.9274	0.4888	0.7237	0.5904	0.2535	0.0149	0.1290	0.3323	8.27	6000	0.50000	0.5265	0.3780	4.067	0.69381	66.0645	28940
35	58788	1.9148	0.3292	1.3596	0.3311	0.8521	0.8959	0.9232	0.4837	0.7158	0.5781	0.2500	0.0123	0.1276	0.3255	7.67	6000	0.50000	0.5253	0.3659	3.994	0.68393	64.9527	29767
36	60421	1.8397	0.3118	1.3108	0.3286	0.8595	0.9003	0.9190	0.4865	0.7070	0.5956	0.2579	0.0175	0.1179	0.3447	11.03	6000	0.50000	0.5263	0.3704	4.031	0.66665	62.7383	30594
37	62054	1.7547	0.3024	1.2363	0.3265	0.8641	0.9083	0.9146	0.4868	0.7123	0.5860	0.2658	0.0202	0.1220	0.3406	7.95	6000	0.50000	0.5308	0.3853	4.205	0.67910	64.6689	31421
38	63687	1.7044	0.2952	1.1936	0.3281	0.8669	0.9116	0.9102	0.4873	0.7088	0.5895	0.2553	0.0158	0.1292	0.3258	8.63	6000	0.50000	0.5289	0.3769	4.181	0.67551	63.5478	32248
39	65320	1.6358	0.2851	1.1397	0.3254	0.8712	0.9131	0.9056	0.4814	0.7132	0.5895	0.2474	0.0070	0.1138	0.3445	8.15	6000	0.50000	0.5290	0.3740	4.092	0.68161	64.5745	33074
40	66953	1.5836	0.2758	1.0991	0.3261	0.8750	0.9108	0.9010	0.4797	0.7070	0.5825	0.2456	0.0175	0.1257	0.3186	9.24	6000	0.50000	0.5306	0.3592	4.074	0.66854	63.4223	33900
41	68586	1.5221	0.2715	1.0380	0.3268	0.8773	0.9181	0.8962	0.4826	0.7096	0.5912	0.2465	0.0140	0.1351	0.3167	7.73	6000	0.50000	0.5256	0.3652	4.149	0.67145	63.5851	34727
42	70219	1.4799	0.2657	1.0082	0.3236	0.8797	0.9225	0.8914	0.4827	0.7018	0.6000	0.2447	0.0211	0.1244	0.3313	9.94	6000	0.50000	0.5304	0.3585	4.015	0.66755	62.3610	35554
43	71852	1.4424	0.2576	0.9802	0.3212	0.8837	0.9245	0.8865	0.4857	0.7140	0.5974	0.2561	0.0202	0.1276	0.3315	8.07	6000	0.50000	0.5299	0.3499	4.086	0.68253	64.2177	36380
