epoch	step	loss	box	slot	tag	train_iou	train_mIoU	lr	mIoU	Acc@0.25	Acc@0.5	Acc@0.75	Acc@0.9	blind_mIoU	delta	sec
0	1918	8.2300	2.4916	5.5022	0.4724	0.1370	0.2177	0.9999	0.1959	0.3585	0.0681	0.0059	0.0000	0.0829	0.1010	219
1	3836	7.3688	2.1037	5.0830	0.3642	0.2169	0.2411	0.9993	0.1992	0.3695	0.0885	0.0055	0.0004	0.0777	0.1120	439
2	5754	7.1608	2.0334	4.9499	0.3550	0.2376	0.2476	0.9981	0.2086	0.3742	0.1033	0.0074	0.0004	0.0813	0.1208	663
3	7672	7.0332	2.0032	4.8569	0.3461	0.2464	0.2568	0.9965	0.2207	0.4016	0.1252	0.0117	0.0004	0.0745	0.1397	890
4	9590	6.8844	1.9623	4.7507	0.3427	0.2583	0.2715	0.9944	0.2178	0.3953	0.1115	0.0094	0.0000	0.0789	0.1349	1115
5	11508	6.7437	1.9274	4.6462	0.3402	0.2681	0.2919	0.9919	0.2358	0.4423	0.1272	0.0078	0.0004	0.0766	0.1533	1339
6	13426	6.6061	1.8932	4.5444	0.3369	0.2779	0.2713	0.9888	0.2029	0.3785	0.1080	0.0074	0.0000	0.0725	0.1209	1565
7	15344	6.4823	1.8674	4.4480	0.3339	0.2854	0.3010	0.9852	0.2212	0.4102	0.1143	0.0070	0.0004	0.0760	0.1351	1790
8	17262	6.3676	1.8460	4.3536	0.3360	0.2919	0.2964	0.9812	0.2215	0.4172	0.1108	0.0102	0.0004	0.0698	0.1417	2016
9	19180	6.2632	1.8164	4.2803	0.3331	0.3009	0.3327	0.9767	0.2372	0.4462	0.1217	0.0094	0.0004	0.0725	0.1572	2239
10	21098	6.1427	1.7839	4.1922	0.3333	0.3112	0.3509	0.9717	0.2302	0.4321	0.1245	0.0090	0.0000	0.0683	0.1516	2463
11	23016	6.0300	1.7515	4.1117	0.3335	0.3210	0.3606	0.9662	0.2340	0.4294	0.1362	0.0133	0.0004	0.0714	0.1530	2689
12	24934	5.9295	1.7297	4.0339	0.3319	0.3276	0.3523	0.9603	0.2294	0.4391	0.1202	0.0098	0.0000	0.0698	0.1555	2916
13	26852	5.8145	1.6934	3.9544	0.3336	0.3383	0.3670	0.9539	0.2282	0.4254	0.1319	0.0133	0.0004	0.0705	0.1488	3141
14	28770	5.6958	1.6608	3.8697	0.3306	0.3483	0.3893	0.9471	0.2399	0.4419	0.1460	0.0149	0.0004	0.0703	0.1632	3363
15	30688	5.5985	1.6279	3.8057	0.3298	0.3589	0.4047	0.9398	0.2196	0.4043	0.1323	0.0090	0.0000	0.0655	0.1413	3587
16	32606	5.4778	1.5835	3.7295	0.3294	0.3725	0.4023	0.9321	0.2225	0.4168	0.1213	0.0176	0.0000	0.0723	0.1399	3811
17	34524	5.3748	1.5569	3.6530	0.3297	0.3809	0.4075	0.9240	0.2176	0.4023	0.1264	0.0141	0.0000	0.0653	0.1433	4033
18	36442	5.2723	1.5269	3.5805	0.3299	0.3906	0.4457	0.9154	0.2187	0.4067	0.1237	0.0094	0.0004	0.0708	0.1392	4256
19	38360	5.1786	1.4963	3.5173	0.3301	0.4000	0.4390	0.9064	0.2095	0.3894	0.1108	0.0098	0.0004	0.0658	0.1306	4483
20	40278	5.0779	1.4680	3.4446	0.3306	0.4107	0.4411	0.8971	0.2197	0.4012	0.1276	0.0137	0.0008	0.0712	0.1422	4708
21	42196	4.9768	1.4277	3.3826	0.3330	0.4239	0.4657	0.8873	0.1941	0.3448	0.1104	0.0098	0.0000	0.0606	0.1198	4935
22	44114	4.8784	1.4014	3.3104	0.3331	0.4326	0.4759	0.8771	0.2066	0.3851	0.1186	0.0094	0.0000	0.0626	0.1339	5161
23	46032	4.7883	1.3760	3.2474	0.3298	0.4411	0.5064	0.8666	0.2156	0.4039	0.1225	0.0129	0.0004	0.0648	0.1404	5385
24	47950	4.6909	1.3431	3.1827	0.3302	0.4517	0.5033	0.8557	0.2125	0.3945	0.1237	0.0094	0.0000	0.0637	0.1393	5609
25	49868	4.5939	1.3081	3.1201	0.3315	0.4644	0.5311	0.8445	0.2057	0.3730	0.1155	0.0094	0.0004	0.0641	0.1310	5833
26	51786	4.5070	1.2873	3.0558	0.3280	0.4719	0.5092	0.8329	0.1986	0.3593	0.1112	0.0086	0.0004	0.0607	0.1288	6056
27	53704	4.4081	1.2558	2.9882	0.3284	0.4827	0.5300	0.8210	0.2047	0.3722	0.1237	0.0125	0.0004	0.0689	0.1267	6279
28	55622	4.3231	1.2333	2.9246	0.3304	0.4902	0.5544	0.8088	0.2152	0.4047	0.1245	0.0114	0.0004	0.0620	0.1434	6504
29	57540	4.2470	1.2068	2.8742	0.3318	0.4993	0.5644	0.7962	0.2064	0.3789	0.1268	0.0106	0.0004	0.0610	0.1342	6729
30	59458	4.1663	1.1863	2.8154	0.3292	0.5065	0.5735	0.7834	0.2060	0.3703	0.1237	0.0114	0.0004	0.0627	0.1338	6953
31	61376	4.0758	1.1569	2.7545	0.3287	0.5178	0.5876	0.7703	0.2046	0.3699	0.1194	0.0106	0.0008	0.0643	0.1296	7177
32	63294	3.9892	1.1242	2.7007	0.3288	0.5294	0.5606	0.7569	0.2201	0.4004	0.1303	0.0114	0.0000	0.0680	0.1437	7401
33	65212	3.9049	1.1045	2.6351	0.3306	0.5366	0.5852	0.7433	0.2128	0.4012	0.1186	0.0098	0.0008	0.0666	0.1366	7627
34	67130	3.7959	1.0684	2.5639	0.3271	0.5497	0.6201	0.7294	0.2049	0.3753	0.1100	0.0117	0.0012	0.0658	0.1286	7853
